{"cameraMode":{"drawMode":0,"name":"Shaded","section":"Shading Mode"},"sceneLighting":true,"audioPlay":false,"sceneViewState":{"m_AlwaysRefresh":false,"showFog":true,"showSkybox":true,"showFlares":true,"showImageEffects":true,"showParticleSystems":true,"showVisualEffectGraphs":true,"m_FxEnabled":false},"in2DMode":false,"pivot":{"x":-1.0372155904769898,"y":0.7072166800498962,"z":-0.16381463408470155},"rotation":{"x":0.11040298640727997,"y":0.6695895791053772,"z":-0.10163240134716034,"w":0.7275814414024353},"size":1.5286672115325928,"orthographic":false}