{"cameraMode":{"drawMode":0,"name":"Shaded","section":"Shading Mode"},"sceneLighting":true,"audioPlay":false,"sceneViewState":{"m_AlwaysRefresh":false,"showFog":true,"showSkybox":true,"showFlares":true,"showImageEffects":true,"showParticleSystems":true,"showVisualEffectGraphs":true,"m_FxEnabled":true},"in2DMode":false,"pivot":{"x":12.123259544372559,"y":2.2951414585113527,"z":-9.571168899536133},"rotation":{"x":0.048995595425367358,"y":-0.8257514834403992,"z":0.07250102609395981,"w":0.5573315620422363},"size":0.9823421239852905,"orthographic":false}